Title,Author,Year,ReadStatus,Pages,Category
Main type.,Kevin Wiggins,2014,True,262,Reference
Inside parent.,David Castaneda,1980,False,652,Children
Around piece discover.,Joshua Moore,2024,True,440,Children
Recent drive himself.,Jesse Williams,1960,True,721,Fiction
Anything attack.,David Terry,1935,True,93,YoungAdult
Other real system.,Rebecca Rojas,1914,True,412,Biography
Chair together.,John Gardner,1948,True,756,Children
Least win hand.,Chris Bishop,2017,True,301,NonFiction
Ask commercial.,Shelby Hunt,1915,False,549,YoungAdult
Fear maintain.,Wayne Morris,1954,True,652,Children
Lot since medical son.,Kaylee Murphy,1917,True,199,YoungAdult
Answer plant.,Joseph Sanford,1924,False,876,YoungAdult
Here country.,Heather Chambers,1912,False,996,Biography
Town meeting natural.,Ashley Zimmerman,2014,True,474,Reference
Though upon during.,Deborah Baker,1921,True,618,Fiction
Really system benefit.,Michael Farrell,1920,False,257,YoungAdult
Among should.,Kenneth Murphy,1903,False,509,Reference
Nation top speech.,Marie Lopez,1953,True,1000,Reference
Like.,Amanda Smith,1966,False,203,Reference
Small newspaper.,John Murphy,1913,False,726,NonFiction
They fish today.,Erin Frost,1971,False,225,Reference
Summer offer.,Daniel Quinn,1942,False,111,Biography
Add cell glass agent.,Janice Ali PhD,1901,False,517,NonFiction
With leader.,Karen Sanchez,2014,False,985,Children
Direction seat.,Mark Nguyen,1940,True,913,NonFiction
Standard him.,Laura Johnson,1919,False,591,Reference
Partner feeling fact.,Timothy Arnold,2001,True,398,Reference
Statement research family.,Eric Thomas,1986,True,490,Fiction
Mr.,Robert Jones,2017,True,589,Reference
Wall environmental camera.,Miguel Pearson,1960,False,287,NonFiction
Fine maybe.,Taylor Smith,1955,True,876,NonFiction
Officer by.,Courtney Morgan,1929,False,164,Fiction
Each step paper.,Jeremy Salas,1994,False,233,Children
Believe difficult.,Nicholas Flores,1943,True,104,YoungAdult
Know support.,Tina Jenkins,2023,False,699,Reference
Their section create.,Larry Callahan,2016,False,524,Biography
Possible family hot.,Bobby Farmer,1976,True,859,NonFiction
Continue group.,Linda French,1937,False,707,NonFiction
Development.,Raymond Owens,1926,True,211,Reference
Likely whole doctor.,Angela White,1956,False,466,Children
Police even perform customer.,Robert Hicks,1952,False,562,YoungAdult
Detail.,William Dixon,1969,False,806,Fiction
Machine music campaign.,Brian Jordan,1977,True,678,Reference
Such that.,Kristy Boyd,1969,True,560,Fiction
Kind that.,Jodi Perkins,1939,True,308,Biography
Down mean.,Stacy Edwards,1941,True,546,Reference
Situation executive major.,Denise Mckee,1993,True,500,YoungAdult
Fact practice must.,George Miller,1918,True,838,YoungAdult
Seat question.,Kim Valdez,1928,True,99,Fiction
Themselves inside enter.,Edward Kelly,1984,False,175,Biography
Nice father choice.,Alexander Smith,1963,False,988,Biography
Outside official newspaper.,Ricardo May,1961,False,463,Fiction
Question business bring.,Mary Morales,2021,False,64,YoungAdult
Pattern eight.,Lawrence Marshall,1981,True,930,Biography
Energy analysis.,Kimberly Middleton,1978,False,369,NonFiction
Exist far.,Joseph Livingston,1903,True,152,NonFiction
Yeah give reason.,Melanie Duarte,1936,True,52,Children
Civil policy.,Aaron Johnson,2005,False,114,Biography
Military girl.,Elizabeth Roberts,1982,True,279,Children
Section.,Eric Martin DDS,1976,False,904,Biography
Point bit.,Rebecca Lawrence,1960,True,494,Children
Bank big.,Brandon Roberts,1937,True,290,YoungAdult
Watch ball safe.,Tyler Bass,2003,True,666,YoungAdult
Explain soldier.,Veronica Hardy,1935,False,810,YoungAdult
Democratic.,David Sellers,1907,True,647,Biography
How.,Peter Jones,2018,False,82,Fiction
Break question.,Monica Rogers,2023,True,723,Fiction
Throw four analysis.,Adrian Neal,1924,True,113,YoungAdult
Source.,Lisa Simmons,1961,False,287,Fiction
Daughter worker.,Christina Bass,1988,False,190,Biography
Social describe box.,Rebecca Acevedo,1947,True,537,NonFiction
Ability ask.,John Zimmerman,1925,True,254,YoungAdult
Brother move.,Alyssa Jones,1968,False,262,Reference
Serious page minute.,Monica Campbell,2002,True,461,Fiction
Tough pretty.,Brian Mccann,1992,False,324,Children
Picture seek peace.,James Ellis,2007,False,537,Children
Community director type others.,Lori Clark,2001,False,243,Fiction
Approach mouth.,Sally Patton,1969,True,394,Biography
Group.,Bryan Ward,2003,False,286,NonFiction
Vote power.,Tanner Duarte,1973,False,420,Reference
Difficult option.,Heather Cook,1957,False,191,Reference
Class guy.,Daniel Vasquez,2018,True,192,Biography
Your quickly.,Elizabeth George,1966,True,800,YoungAdult
Affect trade ok agency.,Sean Hines,1929,False,534,Reference
Return north.,Christopher Wilson,1903,True,770,NonFiction
Million defense.,Rebecca Reyes,1961,True,193,Children
Million cell.,John Alexander,1994,False,109,NonFiction
Should cultural.,Jessica Frye,1929,False,571,Fiction
Try believe guess then.,Nicole Mcknight,1985,False,235,YoungAdult
Drug will specific.,Lucas Herring,2010,True,479,YoungAdult
Quite detail.,Amanda Adams,1987,True,817,Children
Kid catch.,Laurie Hansen,1987,True,176,YoungAdult
Class bed environment gun.,Steven Baldwin,1929,True,503,Fiction
Enter everything.,Audrey Curry,1981,False,260,YoungAdult
Home quality.,Kevin Scott,2015,True,879,Reference
Possible try rise.,Michele Powers,1950,True,950,NonFiction
Model series step.,Dominique Flores,1936,False,280,Reference
Threat wonder money.,Heather Bowman,2014,False,963,NonFiction
Office commercial may.,Lori White,1900,True,500,Children
White why.,Gloria Harvey,1950,True,735,Fiction
